date,price,volume
2025-09-15 00:00:00+00:00,115444.875,52937859416
2025-09-16 00:00:00+00:00,116843.1875,45781744593
2025-09-17 00:00:00+00:00,116468.5078125,60528025996
2025-09-18 00:00:00+00:00,117137.203125,49457272032
2025-09-19 00:00:00+00:00,115688.859375,38828473971
2025-09-20 00:00:00+00:00,115721.9609375,22864449614
2025-09-21 00:00:00+00:00,115306.09375,22495852193
2025-09-22 00:00:00+00:00,112748.5078125,70684158591
2025-09-23 00:00:00+00:00,112014.5,47211853279
2025-09-24 00:00:00+00:00,113328.6328125,48044595085
2025-09-25 00:00:00+00:00,109049.2890625,75528654284
2025-09-26 00:00:00+00:00,109712.828125,57738288949
2025-09-27 00:00:00+00:00,109681.9453125,26308042910
2025-09-28 00:00:00+00:00,112122.640625,33371048505
2025-09-29 00:00:00+00:00,114400.3828125,60000147466
2025-09-30 00:00:00+00:00,114056.0859375,58986330258
2025-10-01 00:00:00+00:00,118648.9296875,71328680132
2025-10-02 00:00:00+00:00,120681.2578125,71415163912
2025-10-03 00:00:00+00:00,122266.53125,83941392228
2025-10-04 00:00:00+00:00,122425.4296875,36769171735
2025-10-05 00:00:00+00:00,123513.4765625,73689317763
2025-10-06 00:00:00+00:00,124752.53125,72568881188
2025-10-07 00:00:00+00:00,121451.3828125,76149412513
2025-10-08 00:00:00+00:00,123354.8671875,65354305286
2025-10-09 00:00:00+00:00,121705.5859375,74653009425
2025-10-10 00:00:00+00:00,113214.3671875,153125018868
2025-10-11 00:00:00+00:00,110807.8828125,110236934340
2025-10-12 00:00:00+00:00,115169.765625,93710414091
2025-10-13 00:00:00+00:00,115271.078125,71582026739
2025-10-14 00:00:00+00:00,113118.6640625,92212917403
2025-10-15 00:00:00+00:00,110783.1640625,72574132855
2025-10-16 00:00:00+00:00,108186.0390625,87306423067
2025-10-17 00:00:00+00:00,106467.7890625,99703051669
2025-10-18 00:00:00+00:00,107198.265625,37779905278
2025-10-19 00:00:00+00:00,108666.7109375,47657008953
2025-10-20 00:00:00+00:00,110588.9296875,63507793085
2025-10-21 00:00:00+00:00,108476.890625,101194375480
2025-10-22 00:00:00+00:00,107688.5859375,80807013218
2025-10-23 00:00:00+00:00,110069.7265625,54944076060
2025-10-24 00:00:00+00:00,111033.921875,48160816980
2025-10-25 00:00:00+00:00,111641.7265625,24707667305
2025-10-26 00:00:00+00:00,114472.4453125,41708524143
2025-10-27 00:00:00+00:00,114119.328125,61761358733
2025-10-28 00:00:00+00:00,112956.1640625,64528066504
2025-10-29 00:00:00+00:00,110055.3046875,62192043469
2025-10-30 00:00:00+00:00,108305.546875,69673964814
2025-10-31 00:00:00+00:00,109556.1640625,60090359560
2025-11-01 00:00:00+00:00,110064.015625,25871668762
2025-11-02 00:00:00+00:00,110639.625,34284209459
2025-11-03 00:00:00+00:00,106547.5234375,72852006359
2025-11-04 00:00:00+00:00,101590.5234375,110967184773
2025-11-05 00:00:00+00:00,103891.8359375,77584934804
2025-11-06 00:00:00+00:00,101301.2890625,63932752861
2025-11-07 00:00:00+00:00,103372.40625,92168030081
2025-11-08 00:00:00+00:00,102282.1171875,51446691095
2025-11-09 00:00:00+00:00,104719.640625,59679243013
2025-11-10 00:00:00+00:00,105996.59375,69585887229
2025-11-11 00:00:00+00:00,102997.46875,71130078574
2025-11-12 00:00:00+00:00,101663.1875,64347179408
2025-11-13 00:00:00+00:00,99697.4921875,101546815416
2025-11-14 00:00:00+00:00,94397.7890625,114346441890
2025-11-15 00:00:00+00:00,95549.1484375,38500716654
2025-11-16 00:00:00+00:00,94177.078125,71086235862
2025-11-17 00:00:00+00:00,92093.875,94186165724
2025-11-18 00:00:00+00:00,92948.875,101333569062
2025-11-19 00:00:00+00:00,91465.9921875,80350354656
2025-11-20 00:00:00+00:00,86631.8984375,97970645638
2025-11-21 00:00:00+00:00,85090.6875,129157506112
2025-11-22 00:00:00+00:00,84648.359375,40793099246
2025-11-23 00:00:00+00:00,86805.0078125,58083435576
2025-11-24 00:00:00+00:00,88270.5625,74433896110
2025-11-25 00:00:00+00:00,87341.890625,64837343545
2025-11-26 00:00:00+00:00,90518.3671875,66496301869
2025-11-27 00:00:00+00:00,91285.375,57040622845
2025-11-28 00:00:00+00:00,90919.265625,60895830289
2025-11-29 00:00:00+00:00,90851.7578125,37921773455
2025-11-30 00:00:00+00:00,90394.3125,38497902869
2025-12-01 00:00:00+00:00,86321.5703125,87962894424
2025-12-02 00:00:00+00:00,91350.203125,78546798211
2025-12-03 00:00:00+00:00,93527.8046875,77650204986
2025-12-04 00:00:00+00:00,92141.625,64538402681
2025-12-05 00:00:00+00:00,89387.7578125,63256398633
2025-12-06 00:00:00+00:00,89272.375,37994042405
2025-12-07 00:00:00+00:00,90405.640625,47394898960
2025-12-08 00:00:00+00:00,90640.203125,57394099056
2025-12-09 00:00:00+00:00,92691.7109375,66861721440
2025-12-10 00:00:00+00:00,92020.9453125,65420694513
2025-12-11 00:00:00+00:00,92511.3359375,64532834621
2025-12-12 00:00:00+00:00,90270.4140625,80275884583
2025-12-13 00:00:00+00:00,90298.7109375,64237748110
2025-12-14 00:00:00+00:00,88175.1796875,50465972205
2025-12-15 00:00:00+00:00,86419.78125,45559514323
2025-12-16 00:00:00+00:00,87843.984375,41262178223
2025-12-17 00:00:00+00:00,86143.7578125,44243392914
2025-12-18 00:00:00+00:00,85462.5078125,52667115348
2025-12-19 00:00:00+00:00,88103.3828125,46733310561
2025-12-20 00:00:00+00:00,88344.0,14688196659
2025-12-21 00:00:00+00:00,88621.75,19845522660
2025-12-22 00:00:00+00:00,88490.015625,38047472118
2025-12-23 00:00:00+00:00,87414.0,43683011533
2025-12-24 00:00:00+00:00,87611.9609375,25550297986
2025-12-25 00:00:00+00:00,87234.7421875,19953216347
2025-12-26 00:00:00+00:00,87301.4296875,42455674908
2025-12-27 00:00:00+00:00,87802.15625,13741199310
2025-12-28 00:00:00+00:00,87835.8359375,15156557929
2025-12-29 00:00:00+00:00,87138.140625,48411625849
2025-12-30 00:00:00+00:00,88430.1328125,35586356225
2025-12-31 00:00:00+00:00,87508.828125,33830210616
2026-01-01 00:00:00+00:00,88731.984375,18849043990
2026-01-02 00:00:00+00:00,89944.6953125,46398906171
2026-01-03 00:00:00+00:00,90603.1875,20774828592
2026-01-04 00:00:00+00:00,91413.4921875,26770491368
2026-01-05 00:00:00+00:00,93882.5546875,53376407252
2026-01-06 00:00:00+00:00,93729.03125,52430605257
2026-01-07 00:00:00+00:00,91308.0546875,43461295053
2026-01-08 00:00:00+00:00,91027.125,42386697030
2026-01-09 00:00:00+00:00,90513.1015625,38305906684
2026-01-10 00:00:00+00:00,90386.6484375,12385895282
2026-01-11 00:00:00+00:00,90827.4609375,17165568977
2026-01-12 00:00:00+00:00,91192.9921875,41346275358
2026-01-13 00:00:00+00:00,95321.78125,54980674354
2026-01-14 00:00:00+00:00,96929.328125,60592490863
2026-01-15 00:00:00+00:00,95551.1875,53086363027
2026-01-16 00:00:00+00:00,95525.1171875,33248170537
2026-01-17 00:00:00+00:00,95099.921875,16021715122
2026-01-18 00:00:00+00:00,93634.4296875,20809781232
2026-01-19 00:00:00+00:00,92553.59375,39195241508
2026-01-20 00:00:00+00:00,88310.90625,53072968031
2026-01-21 00:00:00+00:00,89376.9609375,56330422434
2026-01-22 00:00:00+00:00,89462.453125,35549685694
2026-01-23 00:00:00+00:00,89503.875,38997586037
2026-01-24 00:00:00+00:00,89110.734375,14558687712
2026-01-25 00:00:00+00:00,86572.21875,36124986722
2026-01-26 00:00:00+00:00,88267.140625,45329286974
2026-01-27 00:00:00+00:00,89102.5703125,38744942267
2026-01-28 00:00:00+00:00,89184.5703125,39807419296
2026-01-29 00:00:00+00:00,84561.5859375,64653083162
2026-01-30 00:00:00+00:00,84128.65625,72083816087
2026-01-31 00:00:00+00:00,78621.1171875,70479259159
2026-02-01 00:00:00+00:00,76974.4453125,53372509744
2026-02-02 00:00:00+00:00,78688.765625,75140589684
2026-02-03 00:00:00+00:00,75633.546875,68249110822
2026-02-04 00:00:00+00:00,73019.703125,67215363944
2026-02-05 00:00:00+00:00,62702.09765625,125509410908
2026-02-06 00:00:00+00:00,70555.390625,114674259489
2026-02-07 00:00:00+00:00,69281.96875,62347107663
2026-02-08 00:00:00+00:00,70264.7265625,39721722619
2026-02-09 00:00:00+00:00,70120.78125,52081598792
2026-02-10 00:00:00+00:00,68793.9609375,40593063077
2026-02-11 00:00:00+00:00,66991.96875,49671946030
2026-02-12 00:00:00+00:00,66221.84375,44651071271
2026-02-13 00:00:00+00:00,68857.84375,40820775886
2026-02-14 00:00:00+00:00,69767.625,36012397645
2026-02-15 00:00:00+00:00,68788.1875,40191152750
2026-02-16 00:00:00+00:00,68843.15625,33618145426
2026-02-17 00:00:00+00:00,67494.21875,34866936040
2026-02-18 00:00:00+00:00,66425.3203125,33094301643
2026-02-19 00:00:00+00:00,66957.5234375,31492987019
2026-02-20 00:00:00+00:00,68005.421875,47507867304
2026-02-21 00:00:00+00:00,68003.765625,18357635642
2026-02-22 00:00:00+00:00,67659.390625,17893536012
2026-02-23 00:00:00+00:00,64616.73828125,50953457309
2026-02-24 00:00:00+00:00,64080.04296875,40849331086
2026-02-25 00:00:00+00:00,67960.125,53629234355
2026-02-26 00:00:00+00:00,67453.7734375,42988597523
2026-02-27 00:00:00+00:00,65881.796875,40283655942
2026-02-28 00:00:00+00:00,66995.859375,42041497112
2026-03-01 00:00:00+00:00,65738.1015625,40733141929
2026-03-02 00:00:00+00:00,68775.8515625,56698092052
2026-03-03 00:00:00+00:00,68293.6484375,47947999049
2026-03-04 00:00:00+00:00,72710.578125,75073101274
2026-03-05 00:00:00+00:00,70841.125,51172841727
2026-03-06 00:00:00+00:00,68136.4921875,43776962871
2026-03-07 00:00:00+00:00,67272.59375,23258701211
2026-03-08 00:00:00+00:00,65969.78125,33195080116
2026-03-09 00:00:00+00:00,68402.3828125,49499875378
2026-03-10 00:00:00+00:00,69926.921875,54003996096
2026-03-11 00:00:00+00:00,70204.8828125,45236859848
2026-03-12 00:00:00+00:00,70493.4609375,40871848129
2026-03-13 00:00:00+00:00,70968.265625,61167226505
2026-03-14 00:00:00+00:00,71214.625,22283546496
2026-03-15 00:00:00+00:00,72789.9140625,27991268669
2026-03-16 00:00:00+00:00,74861.0859375,55572438409
2026-03-17 00:00:00+00:00,73922.4765625,49500721728
2026-03-18 00:00:00+00:00,71245.578125,46229011155
2026-03-19 00:00:00+00:00,69912.7890625,44631433398
2026-03-20 00:00:00+00:00,70522.5859375,38299078407
2026-03-21 00:00:00+00:00,68711.5234375,21109354718
2026-03-22 00:00:00+00:00,67845.2109375,30108051508
2026-03-23 00:00:00+00:00,70914.859375,51508669357
2026-03-24 00:00:00+00:00,70517.859375,40181522399
2026-03-25 00:00:00+00:00,71309.8828125,35409791747
2026-03-26 00:00:00+00:00,68791.625,38962070215
2026-03-27 00:00:00+00:00,66338.375,46483453594
2026-03-28 00:00:00+00:00,66319.6953125,20924883455
2026-03-29 00:00:00+00:00,65954.921875,21645889785
2026-03-30 00:00:00+00:00,66691.4453125,37694994180
2026-03-31 00:00:00+00:00,68233.3125,42997691338
2026-04-01 00:00:00+00:00,68078.5546875,36465393617
2026-04-02 00:00:00+00:00,66888.5703125,39323384518
2026-04-03 00:00:00+00:00,66931.1015625,22815543346
2026-04-04 00:00:00+00:00,67290.515625,15878814963
2026-04-05 00:00:00+00:00,68981.8984375,22972648674
2026-04-06 00:00:00+00:00,68859.828125,39542143229
2026-04-07 00:00:00+00:00,71940.703125,44650511480
2026-04-08 00:00:00+00:00,71123.359375,42444631703
2026-04-09 00:00:00+00:00,71767.828125,38799581473
2026-04-10 00:00:00+00:00,72979.046875,37722595732
2026-04-11 00:00:00+00:00,73054.2734375,23287073965
2026-04-12 00:00:00+00:00,70753.40625,29882740487
2026-04-13 00:00:00+00:00,74484.640625,52278211554
2026-04-14 00:00:00+00:00,74181.609375,53540826530
2026-04-15 00:00:00+00:00,74805.078125,38090174312
2026-04-16 00:00:00+00:00,75152.1328125,41312783855
2026-04-17 00:00:00+00:00,77126.875,54137194839
2026-04-18 00:00:00+00:00,75726.2109375,26014416776
2026-04-19 00:00:00+00:00,73856.3515625,30931515195
2026-04-20 00:00:00+00:00,75872.5234375,39674447916
2026-04-21 00:00:00+00:00,76352.7734375,36453522626
2026-04-22 00:00:00+00:00,78203.1015625,48336654537
2026-04-23 00:00:00+00:00,78268.953125,40354900916
2026-04-24 00:00:00+00:00,77455.3125,32784213526
2026-04-25 00:00:00+00:00,77612.015625,16702933134
2026-04-26 00:00:00+00:00,78657.5390625,21482934750
2026-04-27 00:00:00+00:00,77366.625,38135631927
2026-04-28 00:00:00+00:00,76350.671875,32056900880
2026-04-29 00:00:00+00:00,75776.1328125,41460907886
2026-04-30 00:00:00+00:00,76304.3203125,29497862305
2026-05-01 00:00:00+00:00,78179.0,39164328894
2026-05-02 00:00:00+00:00,78657.25,16761531851
2026-05-03 00:00:00+00:00,78538.2265625,20544392639
2026-05-04 00:00:00+00:00,79827.90625,54325085296
2026-05-05 00:00:00+00:00,80927.0546875,39700107376
2026-05-06 00:00:00+00:00,81427.53125,41751540000
2026-05-07 00:00:00+00:00,80009.9921875,36931193154
2026-05-08 00:00:00+00:00,80186.765625,33789351540
2026-05-09 00:00:00+00:00,80664.3671875,18102086996
2026-05-10 00:00:00+00:00,82138.9296875,26965971077
2026-05-11 00:00:00+00:00,81728.296875,32409774919
2026-05-12 00:00:00+00:00,80477.4921875,32186688600
2026-05-13 00:00:00+00:00,79277.1171875,34075428359
2026-05-14 00:00:00+00:00,81051.25,43731663431
2026-05-15 00:00:00+00:00,79065.6796875,38183347368
2026-05-16 00:00:00+00:00,78131.4375,25895799905
2026-05-17 00:00:00+00:00,77429.3515625,20900166465
2026-05-18 00:00:00+00:00,76954.171875,41520471808
2026-05-19 00:00:00+00:00,76750.90625,26031898332
2026-05-20 00:00:00+00:00,77457.7734375,26668360936
2026-05-21 00:00:00+00:00,77539.171875,27141485404
2026-05-22 00:00:00+00:00,75488.2421875,27859040109
2026-05-23 00:00:00+00:00,76673.3671875,29973220002
2026-05-24 00:00:00+00:00,76981.125,20572738918
2026-05-25 00:00:00+00:00,77279.9296875,19808387601
2026-05-26 00:00:00+00:00,75825.734375,35999475458
2026-05-27 00:00:00+00:00,74344.703125,33802172927
2026-05-28 00:00:00+00:00,73536.5546875,40148145327
2026-05-29 00:00:00+00:00,73372.5234375,34457929250
2026-05-30 00:00:00+00:00,73754.8359375,19563589191
2026-05-31 00:00:00+00:00,73579.6875,17445435650
2026-06-01 00:00:00+00:00,71319.7734375,43378836121
2026-06-02 00:00:00+00:00,66703.65625,54990073882
2026-06-03 00:00:00+00:00,64014.3671875,47411556213
2026-06-04 00:00:00+00:00,63801.57421875,63800151780
2026-06-05 00:00:00+00:00,60922.66796875,71465606706
2026-06-06 00:00:00+00:00,60867.4140625,30898464957
2026-06-07 00:00:00+00:00,63239.51953125,36006496194
2026-06-08 00:00:00+00:00,63090.58984375,34133252457
2026-06-09 00:00:00+00:00,61643.78125,40144449754
2026-06-10 00:00:00+00:00,61449.2890625,27493506779
2026-06-11 00:00:00+00:00,63561.0546875,29316677897
2026-06-12 00:00:00+00:00,63543.19921875,26881868307
2026-06-13 00:00:00+00:00,64421.32421875,16956245530
2026-06-14 00:00:00+00:00,65710.3984375,21572226975
2026-06-15 00:00:00+00:00,66289.5,32927321950
2026-06-16 00:00:00+00:00,65600.640625,25063963967
2026-06-17 00:00:00+00:00,64418.4453125,31288885189
2026-06-18 00:00:00+00:00,62896.47265625,30432454936
2026-06-19 00:00:00+00:00,63540.8359375,22361931660
2026-06-20 00:00:00+00:00,64239.67578125,17486384117
2026-06-21 00:00:00+00:00,63237.5390625,15739619591
2026-06-22 00:00:00+00:00,63952.10546875,26561496819
2026-06-23 00:00:00+00:00,62668.01953125,29608942370
2026-06-24 00:00:00+00:00,60995.1328125,42644106535
2026-06-25 00:00:00+00:00,59721.67578125,40625024718
2026-06-26 00:00:00+00:00,60016.4296875,41502864671
2026-06-27 00:00:00+00:00,59940.09765625,15099836554
2026-06-28 00:00:00+00:00,59532.33984375,16282230874
2026-06-29 00:00:00+00:00,60138.37890625,30829983083
2026-06-30 00:00:00+00:00,58558.859375,32747419391
2026-07-01 00:00:00+00:00,60003.7578125,37904450118
2026-07-02 00:00:00+00:00,61485.30078125,40109297349
2026-07-03 00:00:00+00:00,62544.19921875,26131813598
2026-07-04 00:00:00+00:00,63088.3046875,18608397613
2026-07-05 00:00:00+00:00,63547.8828125,18267466154
2026-07-06 00:00:00+00:00,63995.015625,36552222303
2026-07-07 00:00:00+00:00,63297.39453125,31026493556
2026-07-08 00:00:00+00:00,62257.57421875,27349235354
2026-07-09 00:00:00+00:00,63193.1484375,26546256117
2026-07-10 00:00:00+00:00,64127.140625,27450201269
2026-07-11 00:00:00+00:00,63802.02734375,13954689047
2026-07-12 00:00:00+00:00,63758.21875,19043437787
2026-07-13 00:00:00+00:00,62239.12109375,37650044790
2026-07-14 00:00:00+00:00,64956.11328125,29841287318
2026-07-15 00:00:00+00:00,64712.375,27029791676
2026-07-16 00:00:00+00:00,63789.28125,27232426674
2026-07-17 00:00:00+00:00,63899.4609375,27280236800
2026-07-18 00:00:00+00:00,64796.6015625,14162542470
2026-07-19 00:00:00+00:00,64690.8046875,15000653941
2026-07-20 00:00:00+00:00,65230.02734375,30988932408
2026-07-21 00:00:00+00:00,66505.125,29554470321
2026-07-22 00:00:00+00:00,66100.796875,28142272410
2026-07-23 00:00:00+00:00,65044.8125,24364433538
2026-07-24 00:00:00+00:00,64098.49609375,25917559237
2026-07-25 00:00:00+00:00,64311.8125,13817493398
2026-07-26 00:00:00+00:00,65340.30078125,14301494281
2026-07-27 00:00:00+00:00,63724.8984375,26183821002
2026-07-28 00:00:00+00:00,63871.36328125,24128738898
2026-07-29 00:00:00+00:00,63908.16796875,28611167472
2026-07-30 00:00:00+00:00,64725.30859375,26250039650
2026-07-31 00:00:00+00:00,62813.74609375,30439749629
2026-08-01 00:00:00+00:00,62763.3203125,13553286543
2026-08-02 00:00:00+00:00,63482.0,15901776708
2026-08-03 00:00:00+00:00,63460.8984375,26038889824
2026-08-04 00:00:00+00:00,64055.953125,23662357784
2026-08-05 00:00:00+00:00,64597.5,23568584891
2026-08-06 00:00:00+00:00,64262.11328125,18529402711
2026-08-07 00:00:00+00:00,64880.19140625,22165720102
2026-08-08 00:00:00+00:00,64904.6875,12350094271
2026-08-09 00:00:00+00:00,64844.88671875,13234538380
2026-08-10 00:00:00+00:00,63910.5859375,22384770392
2026-08-11 00:00:00+00:00,63551.875,20824820662
2026-08-12 00:00:00+00:00,63402.43359375,23063864553
2026-08-13 00:00:00+00:00,63402.171875,18765583756
2026-08-14 00:00:00+00:00,62975.59375,20280053024
2026-08-15 00:00:00+00:00,63024.3203125,10033057106
2026-08-16 00:00:00+00:00,62818.65234375,9078986635
2026-08-17 00:00:00+00:00,64506.25390625,21555405073
2026-08-18 00:00:00+00:00,64680.7109375,18728001793
2026-08-19 00:00:00+00:00,69266.1875,46228098443
2026-08-20 00:00:00+00:00,73032.7578125,55444322363
2026-08-21 00:00:00+00:00,78335.1875,74478039014
2026-08-22 00:00:00+00:00,77083.4140625,42131959963
2026-08-23 00:00:00+00:00,77755.265625,31158396908
2026-08-24 00:00:00+00:00,78964.484375,55502180329
2026-08-25 00:00:00+00:00,78564.9765625,46728068401
2026-08-26 00:00:00+00:00,79027.421875,29329039002
2026-08-27 00:00:00+00:00,80257.5390625,34033075972
2026-08-28 00:00:00+00:00,77830.2890625,39362871737
2026-08-29 00:00:00+00:00,78245.8125,14053131399
2026-08-30 00:00:00+00:00,77667.5703125,19314839672
2026-08-31 00:00:00+00:00,78548.6328125,30608386987
2026-09-01 00:00:00+00:00,77403.625,30608796575
2026-09-02 00:00:00+00:00,77300.4765625,26525296646
2026-09-03 00:00:00+00:00,81271.7421875,40504199354
2026-09-04 00:00:00+00:00,79671.96875,37501874897
2026-09-05 00:00:00+00:00,79823.8671875,18559708494
2026-09-06 00:00:00+00:00,80350.046875,19391863269
2026-09-07 00:00:00+00:00,79115.8515625,23414434445
2026-09-08 00:00:00+00:00,78438.578125,34680168667
2026-09-09 00:00:00+00:00,78259.5234375,29192409298
2026-09-10 00:00:00+00:00,76568.125,30120111719
2026-09-11 00:00:00+00:00,77173.796875,37410998193
2026-09-12 00:00:00+00:00,77270.46875,12664765797
2026-09-13 00:00:00+00:00,76838.15625,13607872549
2026-09-14 00:00:00+00:00,78163.3828125,29909358382
